SW Version (ie. ro.build.display.id),Upgrade image,Upgrade command
kona-userdebug 10 QKQ1.210103.002 686 test-keys,686to699.zip,update_engine_client --update --follow --payload=file:///data/ota_package/update.zip --offset=48383 --size=14018535 --headers="FILE_HASH=JA2O693dm0ucbWhvI3d/VHshN7AFtM9fuOMhupmDIhE=\nFILE_SIZE=14018535\nMETADATA_HASH=cTQvZX5jU4WUs7leU323rAmerzoj1ImW6Afr+YLGKO4=\nMETADATA_SIZE=136654\n"
kona-userdebug 10 QKQ1.210103.002 699 test-keys,699to700.zip,update_engine_client --update --follow --payload=file:///data/ota_package/update.zip --offset=48375 --size=4159014 --headers="FILE_HASH=viS3JKUI+Gj7wPlCqloxN4YLwShD121L12JGjpezbtc=\nFILE_SIZE=4159014\nMETADATA_HASH=GQ9FwgIVb1iwfAHpS6xEZYkeLDcyyAcPZ4fUcSJ2uUI=\nMETADATA_SIZE=177647\n"
kona-userdebug 10 QKQ1.210103.002 700 test-keys,700to718.zip,update_engine_client --update --follow --payload=file:///data/ota_package/update.zip --offset=48383 --size=11994744 --headers="FILE_HASH=cDQlayzHDx0SznQXJAtU3ugxTSbrx+A44PcpXC+SNEY=\nFILE_SIZE=11994744\nMETADATA_HASH=OP1HV3swv3as0zWkPEVnz78BI5Oqo+XIjIV4oko6Hbg=\nMETADATA_SIZE=279591\n"
kona-userdebug 10 QKQ1.210103.002 718 test-keys,718to686.zip,update_engine_client --update --follow --payload=file:///data/ota_package/update.zip --offset=48414 --size=16798116 --headers="FILE_HASH=5FgbVqP/GyUVGfFucuQiIdnF/W5mWpby1L1BcQLf+kc=\nFILE_SIZE=16798116\nMETADATA_HASH=ThhXrOG0AmNOgqNmc7Sky2iBINQuEcINNL9x07u4NeM=\nMETADATA_SIZE=268685\nPOWERWASH=1\n"
